flagCode,country,Hours,AverageTimeInBedMinutes_2015,AverageBedtime_2015
NZ,New Zealand,7.45,447,23:29
NL,Netherlands,7.40,444,00:07
FI,Finland,7.38,443,00:03
GB,United Kingdom,7.34,442,00:28
AU,Australia,7.31,440,23:33
BE,Belgium,7.27,438,00:06
IE,Ireland,7.24,437,00:16
SE,Sweden,7.20,435,23:50
FR,France,7.17,434,00:19
DK,Denmark,7.13,434,23:47
CA,Canada,7.10,431,23:57
NO,Norway,7.06,429,00:16
CH,Switzerland,7.03,428,00:19
DE,Germany,6.99,427,23:59
AT,Austria,6.96,427,23:55
US,United States,6.92,426,23:54
ZA,South Africa,6.89,424,00:20
HU,Hungary,6.85,422,23:59
CZ,Czechia,6.82,420,23:58
PT,Portugal,6.78,419,00:41
RO,Romania,6.75,418,23:09
SK,Slovakia,6.71,417,01:03
ES,Spain,6.68,416,00:32
IT,Italy,6.64,414,00:35
GR,Greece,6.61,414,01:05
UA,Ukraine,6.57,412,00:03
PL,Poland,6.54,410,00:55
RU,Russia,6.50,405,01:05
AE,United Arab Emirates,6.47,405,01:05
CN,China,6.43,403,00:32
TH,Thailand,6.40,402,00:22
BR,Brazil,6.36,400,00:32
CL,Chile,6.33,399,00:47
HK,Hong Kong,6.29,399,00:55
CR,Costa Rica,6.25,399,23:43
MX,Mexico,6.22,397,00:20
CO,Colombia,6.18,397,23:41
IL,Israel,6.15,396,00:44
IN,India,6.11,395,00:26
TR,Turkey,6.08,395,00:59
SG,Singapore,6.04,394,23:52
MY,Malaysia,6.01,387,00:35
QA,Qatar,5.97,386,00:06
ID,Indonesia,5.94,385,00:10
TW,Taiwan,5.90,381,00:37
KW,Kuwait,5.87,375,00:14
PH,Philippines,5.83,368,00:39
KR,South Korea,5.80,362,00:16
SA,Saudi Arabia,5.76,362,00:39
JP,Japan,5.73,352,00:49
